date,shipment_volume,distance_km,handling_hours,weather_delay_days,transport_mode,delivery_time_days,day_of_week,month,lag_1,lag_7,rolling_7
2025-01-08,101.2,390.6,4.41,0,Road,3.17,2,1,4.16,2.76,2.967142857142857
2025-01-09,100.0,190.3,2.95,0,Road,2.18,3,1,3.17,3.93,3.025714285714286
2025-01-10,87.5,192.4,2.73,1,Road,2.43,4,1,2.18,2.7,2.775714285714286
2025-01-11,97.8,357.0,2.94,2,Road,3.17,5,1,2.43,1.84,2.737142857142857
2025-01-12,98.6,316.1,3.61,0,Road,1.86,6,1,3.17,2.76,2.9271428571428575
2025-01-13,98.6,367.6,3.12,0,Air,2.12,0,1,1.86,2.62,2.798571428571429
2025-01-14,112.8,290.3,2.88,0,Road,2.36,1,1,2.12,4.16,2.7271428571428578
2025-01-15,109.1,339.2,4.37,0,Rail,3.5,2,1,2.36,3.17,2.47
2025-01-16,94.9,326.6,3.11,0,Road,1.98,3,1,3.5,2.18,2.5171428571428573
2025-01-17,98.9,391.7,5.04,1,Road,3.72,4,1,1.98,2.43,2.488571428571429
2025-01-18,84.8,394.7,3.27,0,Road,3.38,5,1,3.72,3.17,2.672857142857143
2025-01-19,101.0,139.9,4.63,0,Road,2.31,6,1,3.38,1.86,2.7028571428571433
2025-01-20,99.3,74.0,3.49,0,Rail,2.39,0,1,2.31,2.12,2.7671428571428573
2025-01-21,103.9,415.2,3.97,0,Air,2.42,1,1,2.39,2.36,2.8057142857142856
2025-01-22,101.5,434.7,2.62,0,Air,2.78,2,1,2.42,3.5,2.814285714285714
2025-01-23,113.2,202.8,2.52,0,Road,1.63,3,1,2.78,1.98,2.7114285714285713
2025-01-24,96.3,114.7,3.57,0,Rail,2.61,4,1,1.63,3.72,2.6614285714285715
2025-01-25,90.6,320.4,3.99,0,Road,2.34,5,1,2.61,3.38,2.5028571428571427
2025-01-26,92.8,407.7,3.23,2,Air,2.84,6,1,2.34,2.31,2.3542857142857145
2025-01-27,105.5,498.7,2.17,0,Road,2.67,0,1,2.84,2.39,2.4299999999999997
2025-01-28,109.9,364.2,2.11,1,Road,3.24,1,1,2.67,2.42,2.4699999999999998
2025-01-29,111.8,271.0,2.06,0,Road,2.7,2,1,3.24,2.78,2.587142857142857
2025-01-30,108.4,216.2,1.79,0,Road,2.02,3,1,2.7,1.63,2.575714285714286
2025-01-31,116.2,311.2,3.29,0,Road,2.31,4,1,2.02,2.61,2.6314285714285717
2025-02-01,92.3,278.6,4.1,0,Air,2.86,5,2,2.31,2.34,2.5885714285714285
2025-02-02,93.0,203.4,3.19,0,Rail,2.54,6,2,2.86,2.84,2.662857142857143
2025-02-03,96.3,525.1,1.39,0,Air,1.84,0,2,2.54,2.67,2.62
2025-02-04,113.4,497.4,3.05,0,Road,2.26,1,2,1.84,3.24,2.501428571428572
2025-02-05,119.0,429.3,3.07,0,Road,3.19,2,2,2.26,2.7,2.3614285714285717
2025-02-06,105.5,213.3,4.88,0,Road,2.87,3,2,3.19,2.02,2.4314285714285715
2025-02-07,93.8,399.8,2.03,0,Road,3.25,4,2,2.87,2.31,2.552857142857143
2025-02-08,90.4,377.2,2.89,0,Road,2.04,5,2,3.25,2.86,2.687142857142857
2025-02-09,103.7,356.5,4.56,0,Road,3.35,6,2,2.04,2.54,2.5700000000000003
2025-02-10,110.1,441.2,3.56,0,Road,2.87,0,2,3.35,1.84,2.685714285714286
2025-02-11,114.2,376.7,3.65,0,Road,2.98,1,2,2.87,2.26,2.8328571428571427
2025-02-12,106.1,387.7,3.29,0,Road,2.07,2,2,2.98,3.19,2.935714285714286
2025-02-13,109.6,376.9,3.46,1,Rail,4.17,3,2,2.07,2.87,2.775714285714286
2025-02-14,102.8,345.8,3.82,0,Road,2.93,4,2,4.17,3.25,2.9614285714285713
2025-02-15,100.0,122.7,2.55,0,Air,1.22,5,2,2.93,2.04,2.915714285714286
2025-02-16,106.8,318.8,3.9,2,Road,3.72,6,2,1.22,3.35,2.7985714285714285
2025-02-17,107.3,251.6,2.1,0,Rail,2.31,0,2,3.72,2.87,2.8514285714285714
2025-02-18,116.5,175.6,3.46,1,Rail,2.92,1,2,2.31,2.98,2.771428571428572
2025-02-19,113.2,486.6,3.34,1,Rail,3.75,2,2,2.92,2.07,2.762857142857143
2025-02-20,111.3,491.5,2.71,0,Rail,2.69,3,2,3.75,4.17,3.0028571428571427
2025-02-21,108.2,452.7,3.18,0,Air,2.54,4,2,2.69,2.93,2.7914285714285714
2025-02-22,87.8,336.8,2.7,0,Road,2.8,5,2,2.54,1.22,2.7357142857142853
2025-02-23,98.4,451.8,2.34,2,Road,3.26,6,2,2.8,3.72,2.9614285714285713
2025-02-24,102.9,311.3,2.92,0,Road,2.48,0,2,3.26,2.31,2.895714285714285
2025-02-25,107.1,331.3,2.32,0,Road,2.19,1,2,2.48,2.92,2.9199999999999995
2025-02-26,111.6,195.2,3.46,0,Road,2.29,2,2,2.19,3.75,2.815714285714286
2025-02-27,122.1,351.7,2.28,0,Road,2.11,3,2,2.29,2.69,2.607142857142857
2025-02-28,97.3,316.3,3.77,0,Road,2.25,4,2,2.11,2.54,2.524285714285714
2025-03-01,108.3,173.2,2.25,0,Road,2.22,5,3,2.25,2.8,2.4828571428571427
2025-03-02,88.6,304.6,2.75,0,Road,2.28,6,3,2.22,3.26,2.4
2025-03-03,105.0,301.6,2.7,1,Road,3.45,0,3,2.28,2.48,2.2600000000000002
2025-03-04,114.5,498.7,4.26,0,Rail,3.72,1,3,3.45,2.19,2.3985714285714286
2025-03-05,119.4,403.9,3.46,0,Rail,2.95,2,3,3.72,2.29,2.617142857142857
2025-03-06,116.8,311.2,3.03,0,Road,2.82,3,3,2.95,2.11,2.7114285714285713
2025-03-07,111.5,336.1,3.6,1,Road,3.25,4,3,2.82,2.25,2.812857142857143
2025-03-08,98.7,314.6,1.51,1,Road,2.77,5,3,3.25,2.22,2.955714285714286
2025-03-09,99.2,288.7,3.17,0,Road,2.77,6,3,2.77,2.28,3.0342857142857143
2025-03-10,115.4,196.3,4.8,0,Rail,2.79,0,3,2.77,3.45,3.1042857142857145
2025-03-11,112.6,294.1,3.31,0,Road,2.36,1,3,2.79,3.72,3.0100000000000002
2025-03-12,105.3,231.7,3.25,1,Air,2.07,2,3,2.36,2.95,2.815714285714286
2025-03-13,102.8,178.7,3.64,0,Road,1.72,3,3,2.07,2.82,2.6900000000000004
2025-03-14,98.5,363.7,3.92,0,Rail,3.18,4,3,1.72,3.25,2.532857142857143
2025-03-15,106.2,351.1,1.6,0,Road,2.64,5,3,3.18,2.77,2.5228571428571427
2025-03-16,104.8,122.4,1.85,0,Road,1.71,6,3,2.64,2.77,2.5042857142857144
2025-03-17,114.7,297.1,3.37,0,Rail,2.5,0,3,1.71,2.79,2.3528571428571428
2025-03-18,111.4,414.5,2.63,0,Road,2.02,1,3,2.5,2.36,2.3114285714285714
2025-03-19,117.5,421.2,4.25,0,Rail,4.08,2,3,2.02,2.07,2.262857142857143
2025-03-20,117.5,417.7,2.95,1,Road,3.07,3,3,4.08,1.72,2.5500000000000003
2025-03-21,104.0,314.1,1.65,1,Road,2.31,4,3,3.07,3.18,2.7428571428571433
2025-03-22,106.4,221.3,2.19,0,Road,1.87,5,3,2.31,2.64,2.6185714285714288
2025-03-23,98.9,196.2,1.0,0,Rail,1.67,6,3,1.87,1.71,2.5085714285714285
2025-03-24,106.8,346.2,3.01,2,Road,3.87,0,3,1.67,2.5,2.5028571428571427
2025-03-25,112.2,349.8,3.05,0,Air,1.8,1,3,3.87,2.02,2.698571428571429
2025-03-26,107.1,445.2,2.86,0,Rail,3.73,2,3,1.8,4.08,2.6671428571428573
2025-03-27,116.9,425.5,4.06,0,Rail,3.48,3,3,3.73,3.07,2.617142857142857
2025-03-28,103.2,296.1,4.16,0,Road,3.09,4,3,3.48,2.31,2.6757142857142857
2025-03-29,103.3,179.4,3.06,0,Rail,2.69,5,3,3.09,1.87,2.7871428571428574
2025-03-30,108.4,276.5,1.49,0,Air,1.7,6,3,2.69,1.67,2.9042857142857144
2025-03-31,113.7,332.8,3.69,0,Road,2.84,0,3,1.7,3.87,2.9085714285714284
2025-04-01,120.9,288.8,3.64,0,Road,2.68,1,4,2.84,1.8,2.7614285714285716
2025-04-02,116.2,249.3,3.45,0,Road,2.44,2,4,2.68,3.73,2.8871428571428575
2025-04-03,109.9,336.6,3.99,2,Road,3.48,3,4,2.44,3.48,2.7028571428571433
2025-04-04,106.6,257.1,2.27,0,Rail,3.3,4,4,3.48,3.09,2.7028571428571433
2025-04-05,89.9,244.1,4.81,0,Road,2.28,5,4,3.3,2.69,2.7328571428571427
2025-04-06,93.2,342.7,2.43,0,Road,2.34,6,4,2.28,1.7,2.674285714285714
2025-04-07,99.7,267.8,3.8,0,Road,2.45,0,4,2.34,2.84,2.7657142857142856
2025-04-08,107.8,335.6,1.85,0,Road,2.33,1,4,2.45,2.68,2.71
2025-04-09,120.3,338.7,2.46,0,Road,2.18,2,4,2.33,2.44,2.66
2025-04-10,106.1,190.4,4.41,0,Air,1.93,3,4,2.18,3.48,2.6228571428571428
2025-04-11,104.3,259.5,2.99,0,Road,2.18,4,4,1.93,3.3,2.4014285714285712
2025-04-12,113.9,461.0,3.87,1,Road,2.86,5,4,2.18,2.28,2.2414285714285715
2025-04-13,102.0,188.0,3.39,2,Rail,3.59,6,4,2.86,2.34,2.3242857142857143
2025-04-14,116.2,87.8,3.12,0,Road,1.43,0,4,3.59,2.45,2.5028571428571427
2025-04-15,108.3,114.5,4.29,0,Road,1.54,1,4,1.43,2.33,2.357142857142857
2025-04-16,115.5,313.1,3.01,0,Road,2.43,2,4,1.54,2.18,2.244285714285714
2025-04-17,105.7,313.2,1.78,0,Air,1.74,3,4,2.43,1.93,2.28
2025-04-18,104.5,297.7,2.56,0,Rail,2.98,4,4,1.74,2.18,2.2528571428571427
2025-04-19,110.1,437.5,3.64,0,Road,3.05,5,4,2.98,2.86,2.367142857142857
2025-04-20,90.9,50.0,3.52,1,Road,1.58,6,4,3.05,3.59,2.394285714285714
2025-04-21,113.6,351.6,1.95,0,Road,1.78,0,4,1.58,1.43,2.107142857142857
2025-04-22,117.5,474.0,2.62,1,Rail,4.41,1,4,1.78,1.54,2.157142857142857
2025-04-23,112.2,191.6,2.73,0,Road,1.64,2,4,4.41,2.43,2.567142857142857
2025-04-24,101.5,270.1,2.91,0,Air,1.91,3,4,1.64,1.74,2.454285714285714
2025-04-25,107.5,230.9,2.1,0,Rail,2.28,4,4,1.91,2.98,2.4785714285714286
2025-04-26,98.9,216.1,2.7,0,Road,2.09,5,4,2.28,3.05,2.3785714285714286
2025-04-27,106.3,275.7,2.62,0,Rail,2.53,6,4,2.09,1.58,2.2414285714285715
2025-04-28,110.0,459.9,3.82,2,Air,3.5,0,4,2.53,1.78,2.3771428571428572
2025-04-29,128.1,502.9,3.85,0,Road,3.12,1,4,3.5,4.41,2.6228571428571428
2025-04-30,114.6,274.7,3.08,0,Rail,2.69,2,4,3.12,1.64,2.4385714285714286
2025-05-01,104.5,510.0,2.89,0,Air,1.96,3,5,2.69,1.91,2.5885714285714285
2025-05-02,108.0,313.7,3.31,0,Road,2.55,4,5,1.96,2.28,2.5957142857142856
2025-05-03,104.5,494.1,2.55,0,Air,1.79,5,5,2.55,2.09,2.6342857142857143
2025-05-04,114.9,300.2,2.28,0,Road,2.34,6,5,1.79,2.53,2.5914285714285716
2025-05-05,116.1,323.8,2.45,1,Rail,4.21,0,5,2.34,3.5,2.564285714285714
2025-05-06,117.6,348.4,2.69,0,Rail,3.43,1,5,4.21,3.12,2.665714285714285
2025-05-07,127.7,643.8,2.27,0,Road,3.34,2,5,3.43,2.69,2.71
2025-05-08,102.7,399.4,3.33,0,Road,2.65,3,5,3.34,1.96,2.8028571428571425
2025-05-09,100.9,235.7,3.78,1,Road,2.12,4,5,2.65,2.55,2.9014285714285717
2025-05-10,94.7,411.7,1.93,0,Road,1.95,5,5,2.12,1.79,2.84
2025-05-11,100.3,272.0,3.22,0,Road,2.77,6,5,1.95,2.34,2.8628571428571425
2025-05-12,97.8,258.6,3.02,0,Road,1.97,0,5,2.77,4.21,2.924285714285714
2025-05-13,119.2,405.4,3.47,0,Road,2.49,1,5,1.97,3.43,2.6042857142857145
2025-05-14,113.6,313.3,3.19,0,Road,2.37,2,5,2.49,3.34,2.4699999999999998
2025-05-15,99.7,339.3,2.04,0,Road,1.87,3,5,2.37,2.65,2.3314285714285714
2025-05-16,97.2,311.5,2.19,0,Air,1.22,4,5,1.87,2.12,2.2199999999999998
2025-05-17,103.9,345.3,3.22,0,Road,2.5,5,5,1.22,1.95,2.091428571428571
2025-05-18,109.4,354.6,4.02,0,Road,2.41,6,5,2.5,2.77,2.17
2025-05-19,124.0,106.6,1.43,1,Road,1.69,0,5,2.41,1.97,2.1185714285714288
2025-05-20,136.7,380.0,3.48,1,Road,2.84,1,5,1.69,2.49,2.0785714285714283
2025-05-21,117.9,206.9,4.15,0,Rail,3.09,2,5,2.84,2.37,2.1285714285714286
2025-05-22,102.8,158.6,3.08,0,Road,1.91,3,5,3.09,1.87,2.2314285714285713
2025-05-23,87.4,303.9,3.64,0,Road,2.44,4,5,1.91,1.22,2.237142857142857
2025-05-24,102.7,318.8,2.64,1,Air,2.43,5,5,2.44,2.5,2.4114285714285715
2025-05-25,95.3,237.2,3.1,0,Rail,2.71,6,5,2.43,2.41,2.4014285714285712
2025-05-26,103.8,397.3,1.9,0,Rail,2.82,0,5,2.71,1.69,2.4442857142857144
2025-05-27,107.6,169.1,1.32,0,Air,1.25,1,5,2.82,2.84,2.605714285714286
2025-05-28,112.6,267.3,3.95,1,Air,2.61,2,5,1.25,3.09,2.3785714285714286
2025-05-29,118.3,248.6,2.41,0,Road,2.03,3,5,2.61,1.91,2.31
2025-05-30,104.8,305.1,2.84,0,Road,2.35,4,5,2.03,2.44,2.327142857142857
2025-05-31,98.4,339.3,2.09,2,Road,2.88,5,5,2.35,2.43,2.314285714285714
2025-06-01,92.6,204.2,2.07,0,Road,1.59,6,6,2.88,2.71,2.3785714285714286
2025-06-02,92.8,386.0,3.06,1,Road,3.31,0,6,1.59,2.82,2.2185714285714284
2025-06-03,107.6,316.6,2.62,0,Road,2.46,1,6,3.31,1.25,2.2885714285714287
2025-06-04,112.3,111.3,3.5,0,Rail,2.67,2,6,2.46,2.61,2.4614285714285713
2025-06-05,122.9,104.3,3.56,1,Rail,3.06,3,6,2.67,2.03,2.4699999999999998
2025-06-06,103.6,308.7,3.46,0,Rail,3.04,4,6,3.06,2.35,2.617142857142857
2025-06-07,106.5,286.8,3.39,0,Road,2.64,5,6,3.04,2.88,2.7157142857142853
2025-06-08,95.8,299.1,4.46,0,Road,3.0,6,6,2.64,1.59,2.6814285714285715
2025-06-09,95.6,307.1,2.35,0,Road,2.54,0,6,3.0,3.31,2.882857142857143
2025-06-10,102.7,333.7,3.16,0,Road,2.44,1,6,2.54,2.46,2.7728571428571422
2025-06-11,105.8,409.5,4.11,0,Air,2.82,2,6,2.44,2.67,2.77
2025-06-12,124.7,193.3,4.21,0,Air,1.87,3,6,2.82,3.06,2.7914285714285714
2025-06-13,94.9,186.9,2.06,0,Air,1.52,4,6,1.87,3.04,2.6214285714285714
2025-06-14,104.2,195.2,2.95,0,Air,1.61,5,6,1.52,2.64,2.404285714285714
2025-06-15,91.5,340.3,4.29,0,Air,2.28,6,6,1.61,3.0,2.257142857142857
2025-06-16,111.4,440.7,3.61,0,Road,2.6,0,6,2.28,2.54,2.1542857142857144
2025-06-17,112.4,264.7,3.36,0,Road,2.58,1,6,2.6,2.44,2.162857142857143
2025-06-18,109.2,50.0,3.03,1,Road,3.14,2,6,2.58,2.82,2.182857142857143
2025-06-19,106.2,131.1,2.89,0,Road,1.75,3,6,3.14,1.87,2.2285714285714286
2025-06-20,95.1,222.5,3.43,0,Road,2.27,4,6,1.75,1.52,2.2114285714285713
2025-06-21,99.9,251.4,3.0,0,Road,2.07,5,6,2.27,1.61,2.3185714285714285
2025-06-22,93.9,267.1,3.17,1,Air,2.03,6,6,2.07,2.28,2.3842857142857143
2025-06-23,93.0,314.1,3.26,0,Road,2.98,0,6,2.03,2.6,2.3485714285714283
2025-06-24,97.9,277.3,2.66,0,Air,1.43,1,6,2.98,2.58,2.402857142857143
2025-06-25,110.7,420.2,3.63,0,Rail,3.19,2,6,1.43,3.14,2.2385714285714284
2025-06-26,118.0,239.0,5.53,0,Rail,2.74,3,6,3.19,1.75,2.245714285714286
2025-06-27,100.4,219.5,1.78,1,Rail,2.6,4,6,2.74,2.27,2.3871428571428575
2025-06-28,94.2,360.3,3.46,2,Road,2.91,5,6,2.6,2.07,2.434285714285714
2025-06-29,98.6,148.8,2.59,0,Rail,2.63,6,6,2.91,2.03,2.5542857142857143
2025-06-30,112.1,350.9,3.66,0,Road,3.61,0,6,2.63,2.98,2.64
2025-07-01,108.7,320.8,3.24,0,Air,1.78,1,7,3.61,1.43,2.73
2025-07-02,104.8,294.5,3.81,0,Road,1.93,2,7,1.78,3.19,2.7800000000000002
2025-07-03,113.0,476.8,4.14,0,Road,3.38,3,7,1.93,2.74,2.6000000000000005
2025-07-04,101.3,244.7,3.35,0,Rail,2.58,4,7,3.38,2.6,2.6914285714285713
2025-07-05,106.2,526.3,4.11,0,Rail,4.19,5,7,2.58,2.91,2.6885714285714286
2025-07-06,96.6,286.3,1.32,0,Road,1.85,6,7,4.19,2.63,2.8714285714285714
2025-07-07,90.6,175.9,4.47,2,Rail,3.58,0,7,1.85,3.61,2.7600000000000002
2025-07-08,94.8,317.3,3.5,0,Road,2.44,1,7,3.58,1.78,2.755714285714286
2025-07-09,120.1,197.0,4.06,0,Rail,3.13,2,7,2.44,1.93,2.85
2025-07-10,116.8,231.1,2.22,0,Road,1.92,3,7,3.13,3.38,3.0214285714285714
2025-07-11,95.3,351.7,2.54,0,Road,2.21,4,7,1.92,2.58,2.812857142857143
2025-07-12,89.7,368.3,3.32,0,Road,2.53,5,7,2.21,4.19,2.7600000000000002
2025-07-13,105.6,244.7,3.19,1,Road,2.25,6,7,2.53,1.85,2.5228571428571427
2025-07-14,90.4,413.7,3.43,0,Road,2.88,0,7,2.25,3.58,2.5799999999999996
2025-07-15,97.4,431.5,4.07,1,Road,2.76,1,7,2.88,2.44,2.48
2025-07-16,110.9,460.8,1.79,1,Road,2.8,2,7,2.76,3.13,2.525714285714286
2025-07-17,98.6,365.6,3.98,0,Road,3.0,3,7,2.8,1.92,2.4785714285714286
2025-07-18,95.5,453.2,3.21,0,Road,2.9,4,7,3.0,2.21,2.632857142857143
2025-07-19,90.3,112.5,3.04,0,Road,2.07,5,7,2.9,2.53,2.731428571428571
2025-07-20,95.5,276.6,2.02,0,Rail,2.6,6,7,2.07,2.25,2.665714285714286
2025-07-21,109.4,219.0,3.6,1,Air,2.58,0,7,2.6,2.88,2.7157142857142853
2025-07-22,104.1,322.5,1.27,0,Road,2.35,1,7,2.58,2.76,2.672857142857143
2025-07-23,109.8,250.0,3.72,2,Air,2.88,2,7,2.35,2.8,2.6142857142857143
2025-07-24,84.3,292.6,2.01,0,Road,2.44,3,7,2.88,3.0,2.6257142857142854
2025-07-25,94.1,507.6,3.24,0,Road,3.21,4,7,2.44,2.9,2.545714285714286
2025-07-26,83.8,292.2,3.1,0,Rail,2.75,5,7,3.21,2.07,2.59
2025-07-27,81.9,353.4,4.14,0,Rail,2.82,6,7,2.75,2.6,2.687142857142857
2025-07-28,90.0,285.6,3.06,0,Rail,3.02,0,7,2.82,2.58,2.718571428571429
2025-07-29,99.7,317.9,2.64,0,Road,2.51,1,7,3.02,2.35,2.781428571428571
2025-07-30,110.9,310.6,2.79,0,Rail,3.26,2,7,2.51,2.88,2.8042857142857143
2025-07-31,89.0,357.1,4.22,1,Road,2.89,3,7,3.26,2.44,2.858571428571428
2025-08-01,93.6,432.4,3.63,0,Road,2.52,4,8,2.89,3.21,2.922857142857143
2025-08-02,85.6,483.0,2.89,0,Road,2.97,5,8,2.52,2.75,2.8242857142857143
2025-08-03,88.1,342.5,3.01,1,Air,2.34,6,8,2.97,2.82,2.855714285714286
2025-08-04,104.0,371.9,1.95,0,Road,1.65,0,8,2.34,3.02,2.7871428571428574
2025-08-05,105.6,189.2,3.51,1,Rail,3.3,1,8,1.65,2.51,2.5914285714285716
2025-08-06,113.3,300.8,1.79,0,Rail,1.99,2,8,3.3,3.26,2.704285714285714
2025-08-07,97.4,408.7,3.8,0,Rail,3.03,3,8,1.99,2.89,2.5228571428571427
2025-08-08,86.9,400.9,3.3,0,Rail,3.7,4,8,3.03,2.52,2.542857142857143
2025-08-09,86.7,332.2,5.11,0,Air,2.99,5,8,3.7,2.97,2.7114285714285713
2025-08-10,91.7,403.1,2.32,0,Road,2.05,6,8,2.99,2.34,2.7142857142857144
2025-08-11,96.5,361.5,3.12,1,Road,2.87,0,8,2.05,1.65,2.6728571428571426
2025-08-12,91.8,436.0,4.64,0,Road,3.08,1,8,2.87,3.3,2.847142857142857
2025-08-13,102.4,340.4,4.15,0,Road,3.33,2,8,3.08,1.99,2.815714285714286
2025-08-14,99.6,272.7,2.64,0,Road,2.03,3,8,3.33,3.03,3.007142857142857
2025-08-15,111.7,345.3,3.38,0,Road,2.39,4,8,2.03,3.7,2.8642857142857143
2025-08-16,102.7,50.0,3.2,2,Road,3.18,5,8,2.39,2.99,2.6771428571428575
2025-08-17,82.1,350.2,3.43,0,Road,2.44,6,8,3.18,2.05,2.704285714285714
2025-08-18,92.0,50.0,2.64,0,Road,1.87,0,8,2.44,2.87,2.7600000000000002
2025-08-19,87.9,129.0,3.13,0,Air,0.86,1,8,1.87,3.08,2.617142857142857
2025-08-20,96.2,357.4,1.92,0,Road,2.2,2,8,0.86,3.33,2.3000000000000003
2025-08-21,99.5,360.1,3.31,2,Air,2.34,3,8,2.2,2.03,2.138571428571429
2025-08-22,100.5,187.9,3.56,0,Air,1.26,4,8,2.34,2.39,2.182857142857143
2025-08-23,81.1,235.2,3.02,0,Road,2.48,5,8,1.26,3.18,2.0214285714285714
2025-08-24,83.0,453.9,1.91,0,Rail,3.05,6,8,2.48,2.44,1.9214285714285713
2025-08-25,76.4,259.2,3.99,0,Road,2.35,0,8,3.05,1.87,2.0085714285714285
2025-08-26,97.7,545.5,3.49,0,Rail,3.39,1,8,2.35,0.86,2.077142857142857
2025-08-27,91.8,309.8,2.62,0,Road,2.21,2,8,3.39,2.2,2.4385714285714286
2025-08-28,92.2,352.8,2.98,0,Road,2.59,3,8,2.21,2.34,2.44
2025-08-29,83.2,479.8,2.0,0,Road,2.95,4,8,2.59,1.26,2.4757142857142855
2025-08-30,85.6,323.8,2.38,0,Road,1.36,5,8,2.95,2.48,2.7171428571428575
2025-08-31,73.6,204.8,2.77,0,Air,1.21,6,8,1.36,3.05,2.5571428571428574
2025-09-01,81.3,298.5,4.18,0,Rail,3.21,0,9,1.21,2.35,2.294285714285714
2025-09-02,115.5,306.3,2.69,0,Rail,2.81,1,9,3.21,3.39,2.4171428571428573
2025-09-03,89.5,166.7,3.71,1,Air,2.2,2,9,2.81,2.21,2.334285714285714
2025-09-04,87.1,283.1,2.77,0,Rail,2.9,3,9,2.2,2.59,2.3328571428571427
2025-09-05,104.5,232.1,3.4,0,Road,2.15,4,9,2.9,2.95,2.3771428571428572
2025-09-06,109.2,407.1,3.09,0,Air,1.92,5,9,2.15,1.36,2.262857142857143
2025-09-07,77.9,313.6,3.9,0,Road,2.5,6,9,1.92,1.21,2.342857142857143
2025-09-08,89.7,280.3,2.77,0,Road,2.65,0,9,2.5,3.21,2.527142857142857
2025-09-09,100.8,298.9,1.94,0,Road,1.86,1,9,2.65,2.81,2.447142857142857
2025-09-10,113.2,333.4,2.09,1,Air,2.12,2,9,1.86,2.2,2.3114285714285714
2025-09-11,87.7,374.8,2.77,0,Road,2.56,3,9,2.12,2.9,2.3000000000000003
2025-09-12,87.5,205.0,2.2,0,Road,2.47,4,9,2.56,2.15,2.251428571428572
2025-09-13,91.9,200.6,3.53,0,Road,2.1,5,9,2.47,1.92,2.2971428571428576
2025-09-14,90.5,426.0,2.83,0,Road,2.98,6,9,2.1,2.5,2.322857142857143
2025-09-15,89.4,266.7,5.1,0,Road,3.15,0,9,2.98,2.65,2.391428571428572
2025-09-16,96.8,161.2,1.81,1,Rail,2.7,1,9,3.15,1.86,2.462857142857143
2025-09-17,88.2,356.6,3.36,0,Air,1.95,2,9,2.7,2.12,2.582857142857143
2025-09-18,93.5,358.7,2.3,0,Road,2.23,3,9,1.95,2.56,2.5585714285714287
2025-09-19,87.2,149.3,2.81,0,Road,1.82,4,9,2.23,2.47,2.511428571428571
2025-09-20,87.4,334.1,3.31,0,Road,2.81,5,9,1.82,2.1,2.4185714285714286
2025-09-21,82.5,387.2,1.34,1,Road,2.74,6,9,2.81,2.98,2.52
2025-09-22,96.2,349.3,3.39,0,Road,2.65,0,9,2.74,3.15,2.4857142857142853
2025-09-23,106.0,376.4,4.72,0,Rail,3.09,1,9,2.65,2.7,2.4142857142857146
2025-09-24,100.5,162.6,2.84,0,Rail,2.16,2,9,3.09,1.95,2.4699999999999998
2025-09-25,98.3,344.8,3.41,0,Road,3.31,3,9,2.16,2.23,2.5
2025-09-26,89.8,278.2,4.02,0,Road,2.45,4,9,3.31,1.82,2.654285714285714
2025-09-27,85.6,259.3,3.07,0,Road,1.99,5,9,2.45,2.81,2.744285714285714
2025-09-28,81.2,401.4,2.74,0,Road,3.06,6,9,1.99,2.74,2.6271428571428572
2025-09-29,95.0,465.3,1.38,2,Air,2.88,0,9,3.06,2.65,2.672857142857143
2025-09-30,97.2,498.4,3.71,0,Rail,3.78,1,9,2.88,3.09,2.705714285714286
2025-10-01,116.1,448.1,3.11,0,Air,2.16,2,10,3.78,2.16,2.8042857142857143
2025-10-02,108.2,298.5,2.39,0,Air,1.55,3,10,2.16,3.31,2.8042857142857143
2025-10-03,92.7,347.0,3.3,0,Rail,3.03,4,10,1.55,2.45,2.552857142857143
2025-10-04,79.7,390.5,2.73,1,Air,1.94,5,10,3.03,1.99,2.6357142857142857
2025-10-05,78.4,322.7,2.78,0,Road,2.33,6,10,1.94,3.06,2.6285714285714286
2025-10-06,102.3,323.7,3.69,1,Road,3.12,0,10,2.33,2.88,2.524285714285714
2025-10-07,100.4,396.5,2.13,1,Road,3.51,1,10,3.12,3.78,2.5585714285714287
2025-10-08,103.6,303.8,4.04,0,Road,2.62,2,10,3.51,2.16,2.52
2025-10-09,82.0,233.4,2.08,0,Road,1.16,3,10,2.62,1.55,2.5857142857142854
2025-10-10,97.4,266.5,2.67,2,Road,3.06,4,10,1.16,3.03,2.53
2025-10-11,89.9,376.6,4.74,0,Rail,4.44,5,10,3.06,1.94,2.5342857142857147
2025-10-12,78.8,310.3,4.1,0,Rail,3.47,6,10,4.44,2.33,2.891428571428572
2025-10-13,89.5,345.7,3.28,1,Road,2.7,0,10,3.47,3.12,3.0542857142857147
2025-10-14,100.9,380.4,2.45,1,Road,3.1,1,10,2.7,3.51,2.994285714285714
2025-10-15,100.6,270.6,2.78,0,Rail,2.51,2,10,3.1,2.62,2.935714285714286
2025-10-16,94.2,389.4,3.26,0,Road,2.17,3,10,2.51,1.16,2.9200000000000004
2025-10-17,89.7,349.8,3.23,0,Road,2.41,4,10,2.17,3.06,3.0642857142857145
2025-10-18,84.8,180.3,3.13,1,Road,2.54,5,10,2.41,4.44,2.9714285714285715
2025-10-19,89.5,461.4,3.18,0,Road,2.16,6,10,2.54,3.47,2.6999999999999997
2025-10-20,105.6,257.4,3.03,0,Road,1.84,0,10,2.16,2.7,2.512857142857143
2025-10-21,78.9,136.2,2.05,0,Rail,2.26,1,10,1.84,3.1,2.39
2025-10-22,99.0,200.3,2.79,2,Rail,3.35,2,10,2.26,2.51,2.27
2025-10-23,98.6,202.8,3.93,1,Rail,3.44,3,10,3.35,2.17,2.39
2025-10-24,93.6,315.5,2.11,0,Road,1.77,4,10,3.44,2.41,2.5714285714285716
2025-10-25,84.6,281.2,3.05,0,Rail,3.11,5,10,1.77,2.54,2.48
2025-10-26,75.0,274.6,2.54,2,Rail,3.22,6,10,3.11,2.16,2.5614285714285714
2025-10-27,97.3,375.1,3.29,1,Road,3.64,0,10,3.22,1.84,2.7128571428571426
2025-10-28,114.1,345.7,2.89,0,Rail,2.39,1,10,3.64,2.26,2.9699999999999998
2025-10-29,89.5,343.2,4.38,0,Road,2.38,2,10,2.39,3.35,2.988571428571429
2025-10-30,105.0,353.0,3.61,0,Road,2.77,3,10,2.38,3.44,2.85
2025-10-31,89.5,374.7,2.15,0,Road,2.94,4,10,2.77,1.77,2.7542857142857144
2025-11-01,88.0,88.7,3.74,0,Road,2.07,5,11,2.94,3.11,2.9214285714285713
2025-11-02,81.6,271.7,2.58,0,Road,2.38,6,11,2.07,3.22,2.7728571428571427
2025-11-03,92.9,81.1,2.74,0,Road,1.72,0,11,2.38,3.64,2.652857142857143
2025-11-04,111.6,313.8,3.45,1,Road,2.58,1,11,1.72,2.39,2.378571428571429
2025-11-05,107.4,309.5,2.81,0,Air,1.61,2,11,2.58,2.38,2.4057142857142857
2025-11-06,112.9,419.8,3.91,0,Road,2.44,3,11,1.61,2.77,2.295714285714286
2025-11-07,102.6,434.7,2.58,0,Road,2.16,4,11,2.44,2.94,2.248571428571428
2025-11-08,93.1,331.3,2.7,0,Road,2.51,5,11,2.16,2.07,2.1371428571428575
2025-11-09,105.0,257.5,2.67,0,Air,1.22,6,11,2.51,2.38,2.1999999999999997
2025-11-10,100.2,360.9,2.75,0,Road,2.57,0,11,1.22,1.72,2.0342857142857143
2025-11-11,109.0,254.6,4.08,0,Air,1.46,1,11,2.57,2.58,2.1557142857142857
2025-11-12,101.5,309.9,3.7,0,Road,2.63,2,11,1.46,1.61,1.9957142857142856
2025-11-13,100.8,413.5,4.57,1,Road,3.27,3,11,2.63,2.44,2.1414285714285715
2025-11-14,88.8,251.4,5.01,0,Road,3.16,4,11,3.27,2.16,2.2600000000000002
2025-11-15,98.7,394.6,2.38,1,Road,3.02,5,11,3.16,2.51,2.402857142857143
2025-11-16,82.8,381.1,3.26,1,Rail,4.05,6,11,3.02,1.22,2.4757142857142855
2025-11-17,104.2,209.7,2.26,1,Air,1.58,0,11,4.05,2.57,2.88
2025-11-18,102.1,412.3,2.58,0,Road,2.57,1,11,1.58,1.46,2.738571428571429
2025-11-19,114.5,383.3,2.7,0,Air,1.61,2,11,2.57,2.63,2.897142857142857
2025-11-20,107.5,320.7,2.35,0,Road,2.12,3,11,1.61,3.27,2.751428571428572
2025-11-21,110.2,230.0,2.36,0,Road,1.93,4,11,2.12,3.16,2.587142857142857
2025-11-22,97.9,219.8,3.08,0,Road,1.9,5,11,1.93,3.02,2.4114285714285715
2025-11-23,81.0,253.5,2.23,2,Road,2.53,6,11,1.9,4.05,2.2514285714285713
2025-11-24,98.7,367.0,3.87,0,Rail,2.77,0,11,2.53,1.58,2.0342857142857143
2025-11-25,95.6,209.7,2.47,1,Road,1.63,1,11,2.77,2.57,2.204285714285714
2025-11-26,102.4,355.9,5.45,0,Road,2.67,2,11,1.63,1.61,2.07
2025-11-27,115.0,179.6,2.84,0,Road,2.22,3,11,2.67,2.12,2.221428571428571
2025-11-28,102.2,288.6,3.26,0,Road,1.82,4,11,2.22,1.93,2.2357142857142858
2025-11-29,87.9,321.5,2.16,0,Road,1.74,5,11,1.82,1.9,2.2199999999999998
2025-11-30,86.9,566.7,4.56,0,Rail,4.57,6,11,1.74,2.53,2.197142857142857
2025-12-01,101.0,165.4,4.1,0,Road,2.01,0,12,4.57,2.77,2.488571428571429
2025-12-02,96.7,464.6,3.44,0,Road,2.99,1,12,2.01,1.63,2.38
2025-12-03,102.6,325.7,2.12,0,Road,2.45,2,12,2.99,2.67,2.5742857142857147
2025-12-04,106.9,353.2,3.37,0,Road,2.8,3,12,2.45,2.22,2.542857142857143
2025-12-05,107.8,322.4,2.3,2,Road,2.62,4,12,2.8,1.82,2.625714285714286
2025-12-06,99.9,356.7,4.37,0,Rail,3.27,5,12,2.62,1.74,2.7399999999999998
2025-12-07,78.2,293.9,3.85,0,Air,1.4,6,12,3.27,4.57,2.9585714285714286
2025-12-08,104.7,462.7,3.28,0,Road,3.69,0,12,1.4,2.01,2.5057142857142862
2025-12-09,108.5,262.1,1.25,0,Air,0.76,1,12,3.69,2.99,2.7457142857142856
2025-12-10,112.9,428.9,2.41,0,Road,2.19,2,12,0.76,2.45,2.427142857142857
2025-12-11,118.9,242.3,3.75,0,Rail,2.55,3,12,2.19,2.8,2.3899999999999997
2025-12-12,83.6,303.7,4.17,2,Rail,3.54,4,12,2.55,2.62,2.3542857142857145
2025-12-13,91.9,197.4,4.09,0,Rail,3.34,5,12,3.54,3.27,2.4857142857142853
2025-12-14,102.9,357.8,1.93,0,Rail,3.66,6,12,3.34,1.4,2.4957142857142856
2025-12-15,91.2,461.7,3.44,0,Road,2.71,0,12,3.66,3.69,2.8185714285714285
2025-12-16,121.4,301.9,4.01,0,Road,2.11,1,12,2.71,0.76,2.6785714285714284
2025-12-17,114.1,289.3,1.87,0,Road,1.29,2,12,2.11,2.19,2.8714285714285714
2025-12-18,114.4,193.0,3.19,0,Road,2.02,3,12,1.29,2.55,2.742857142857143
2025-12-19,97.2,285.9,3.42,0,Rail,2.84,4,12,2.02,3.54,2.667142857142857
2025-12-20,104.7,142.8,2.96,0,Road,1.7,5,12,2.84,3.34,2.567142857142857
2025-12-21,108.4,214.1,1.72,0,Road,1.92,6,12,1.7,3.66,2.3328571428571427
2025-12-22,107.4,333.8,2.94,0,Road,2.56,0,12,1.92,2.71,2.084285714285714
2025-12-23,113.1,448.5,2.94,0,Road,2.84,1,12,2.56,2.11,2.0628571428571427
2025-12-24,115.0,605.0,3.08,0,Rail,3.61,2,12,2.84,1.29,2.167142857142857
2025-12-25,102.4,248.4,2.75,0,Rail,2.32,3,12,3.61,2.02,2.498571428571428
2025-12-26,102.3,460.7,2.85,0,Road,2.97,4,12,2.32,2.84,2.5414285714285714
2025-12-27,98.7,335.6,3.17,0,Road,2.48,5,12,2.97,1.7,2.56
2025-12-28,104.6,294.1,3.55,2,Road,3.67,6,12,2.48,1.92,2.6714285714285717
2025-12-29,115.2,355.4,2.96,0,Road,2.76,0,12,3.67,2.56,2.9214285714285713
2025-12-30,104.5,316.5,2.87,0,Rail,2.42,1,12,2.76,2.84,2.9499999999999997
2025-12-31,113.5,321.6,3.27,0,Road,1.96,2,12,2.42,3.61,2.89
2026-01-01,122.9,267.1,1.66,1,Road,2.15,3,1,1.96,2.32,2.6542857142857144
2026-01-02,99.2,163.2,3.58,0,Road,1.75,4,1,2.15,2.97,2.63
2026-01-03,95.1,147.9,3.2,0,Air,1.71,5,1,1.75,2.48,2.455714285714286
2026-01-04,104.9,378.6,3.23,0,Rail,3.28,6,1,1.71,3.67,2.3457142857142856
2026-01-05,115.7,280.9,3.97,1,Road,3.35,0,1,3.28,2.76,2.29
2026-01-06,114.8,247.4,1.64,0,Road,2.05,1,1,3.35,2.42,2.3742857142857146
2026-01-07,126.9,310.9,1.62,1,Road,2.6,2,1,2.05,1.96,2.3214285714285716
2026-01-08,119.6,393.5,3.42,0,Air,2.56,3,1,2.6,2.15,2.412857142857143
2026-01-09,113.6,328.9,3.19,1,Road,3.08,4,1,2.56,1.75,2.4714285714285715
2026-01-10,107.8,241.1,3.34,0,Road,2.29,5,1,3.08,1.71,2.6614285714285715
2026-01-11,123.5,438.8,2.83,0,Air,2.65,6,1,2.29,3.28,2.744285714285714
2026-01-12,109.0,475.8,3.73,0,Rail,3.56,0,1,2.65,3.35,2.654285714285714
2026-01-13,100.3,361.9,3.95,0,Road,2.61,1,1,3.56,2.05,2.684285714285714
2026-01-14,130.8,412.2,3.59,0,Road,2.48,2,1,2.61,2.6,2.7642857142857147
2026-01-15,110.7,440.4,2.99,0,Road,2.96,3,1,2.48,2.56,2.747142857142857
2026-01-16,109.4,428.7,1.51,0,Road,2.79,4,1,2.96,3.08,2.8042857142857143
2026-01-17,115.4,374.5,3.82,0,Road,2.71,5,1,2.79,2.29,2.762857142857143
2026-01-18,93.7,372.8,4.18,1,Air,3.16,6,1,2.71,2.65,2.8228571428571425
2026-01-19,102.2,364.6,3.72,1,Air,1.89,0,1,3.16,3.56,2.8957142857142855
2026-01-20,105.2,194.8,2.5,0,Road,1.94,1,1,1.89,2.61,2.6571428571428575
2026-01-21,113.2,383.6,3.74,0,Road,2.72,2,1,1.94,2.48,2.5614285714285714
2026-01-22,119.5,167.6,3.89,0,Road,1.94,3,1,2.72,2.96,2.595714285714286
2026-01-23,114.3,226.6,4.45,1,Road,3.76,4,1,1.94,2.79,2.45
2026-01-24,108.8,446.9,2.5,0,Rail,3.15,5,1,3.76,2.71,2.5885714285714285
2026-01-25,96.8,398.2,3.02,0,Road,2.47,6,1,3.15,3.16,2.6514285714285717
2026-01-26,95.4,466.2,3.8,2,Road,3.87,0,1,2.47,1.89,2.552857142857143
2026-01-27,120.0,281.5,3.25,2,Road,2.55,1,1,3.87,1.94,2.835714285714286
2026-01-28,117.3,189.0,2.31,0,Road,1.64,2,1,2.55,2.72,2.9228571428571426
2026-01-29,121.2,284.8,3.53,0,Road,2.77,3,1,1.64,1.94,2.7685714285714282
2026-01-30,117.3,320.7,3.66,0,Rail,2.88,4,1,2.77,3.76,2.8871428571428566
2026-01-31,109.2,318.3,3.27,0,Rail,2.72,5,1,2.88,3.15,2.761428571428571
2026-02-01,115.7,429.0,3.38,0,Road,3.23,6,2,2.72,2.47,2.7
2026-02-02,117.2,272.1,2.99,0,Rail,3.29,0,2,3.23,3.87,2.8085714285714287
2026-02-03,125.3,347.0,4.38,0,Road,2.96,1,2,3.29,2.55,2.7257142857142855
2026-02-04,116.9,206.2,2.48,0,Rail,2.38,2,2,2.96,1.64,2.7842857142857143
2026-02-05,117.6,357.3,2.73,0,Road,2.36,3,2,2.38,2.77,2.8899999999999997
2026-02-06,114.7,310.3,3.21,0,Road,2.14,4,2,2.36,2.88,2.8314285714285714
2026-02-07,116.1,231.3,3.9,1,Air,1.92,5,2,2.14,2.72,2.7257142857142855
2026-02-08,107.9,285.2,2.0,1,Road,2.18,6,2,1.92,3.23,2.6114285714285717
2026-02-09,120.9,290.7,2.15,0,Road,1.92,0,2,2.18,3.29,2.4614285714285713
2026-02-10,120.3,281.6,1.57,1,Road,2.07,1,2,1.92,2.96,2.2657142857142856
2026-02-11,123.0,496.0,3.23,0,Road,2.37,2,2,2.07,2.38,2.1385714285714283
2026-02-12,127.0,299.7,2.31,0,Road,2.27,3,2,2.37,2.36,2.1371428571428575
2026-02-13,98.5,284.4,2.89,0,Road,2.37,4,2,2.27,2.14,2.1242857142857146
2026-02-14,100.5,89.8,3.73,1,Air,2.45,5,2,2.37,1.92,2.157142857142857
2026-02-15,100.6,216.1,2.69,1,Road,2.28,6,2,2.45,2.18,2.232857142857143
2026-02-16,99.4,282.4,3.39,1,Road,2.94,0,2,2.28,1.92,2.2471428571428573
2026-02-17,118.3,238.0,2.96,1,Road,2.74,1,2,2.94,2.07,2.392857142857143
2026-02-18,131.2,455.1,3.74,2,Rail,4.28,2,2,2.74,2.37,2.488571428571429
2026-02-19,119.3,292.7,3.58,0,Road,2.72,3,2,4.28,2.27,2.761428571428571
2026-02-20,117.3,445.3,2.65,1,Road,3.38,4,2,2.72,2.37,2.825714285714286
2026-02-21,120.8,316.5,3.07,0,Road,2.52,5,2,3.38,2.45,2.9699999999999998
2026-02-22,124.2,313.9,4.03,0,Rail,3.07,6,2,2.52,2.28,2.98
2026-02-23,118.7,300.7,3.51,0,Rail,2.89,0,2,3.07,2.94,3.0928571428571425
2026-02-24,135.7,310.4,2.08,0,Road,1.7,1,2,2.89,2.74,3.085714285714286
2026-02-25,127.1,490.5,3.72,0,Rail,3.28,2,2,1.7,4.28,2.937142857142857
2026-02-26,116.0,66.4,2.33,0,Road,1.37,3,2,3.28,2.72,2.7942857142857145
2026-02-27,112.1,99.8,4.33,0,Road,1.72,4,2,1.37,3.38,2.6014285714285714
2026-02-28,101.3,253.0,4.02,0,Road,2.6,5,2,1.72,2.52,2.3642857142857143
2026-03-01,107.6,311.5,3.43,1,Road,3.34,6,3,2.6,3.07,2.375714285714286
2026-03-02,117.4,382.5,3.33,0,Road,2.32,0,3,3.34,2.89,2.414285714285714
2026-03-03,132.3,359.7,3.03,0,Road,2.61,1,3,2.32,1.7,2.3328571428571427
2026-03-04,141.1,269.7,3.74,0,Road,2.07,2,3,2.61,3.28,2.462857142857143
2026-03-05,112.7,417.0,2.9,0,Road,2.53,3,3,2.07,1.37,2.2899999999999996
2026-03-06,120.9,418.2,3.39,0,Road,2.5,4,3,2.53,1.72,2.4557142857142855
2026-03-07,105.8,329.3,3.9,1,Rail,3.83,5,3,2.5,2.6,2.567142857142857
2026-03-08,119.4,411.1,2.75,0,Rail,2.9,6,3,3.83,3.34,2.742857142857143
2026-03-09,120.1,338.6,2.71,0,Road,2.74,0,3,2.9,2.32,2.6799999999999997
2026-03-10,112.1,251.0,2.24,0,Road,1.97,1,3,2.74,2.61,2.7399999999999998
2026-03-11,135.6,383.3,2.35,0,Road,2.2,2,3,1.97,2.07,2.6485714285714286
2026-03-12,119.7,321.6,1.74,1,Road,2.14,3,3,2.2,2.53,2.6671428571428573
2026-03-13,114.3,310.1,3.78,0,Road,2.64,4,3,2.14,2.5,2.611428571428571
2026-03-14,106.3,464.7,4.65,1,Road,3.91,5,3,2.64,3.83,2.6314285714285717
2026-03-15,111.1,52.7,4.34,0,Rail,2.64,6,3,3.91,2.9,2.642857142857143
2026-03-16,125.3,161.1,1.9,1,Rail,3.53,0,3,2.64,2.74,2.605714285714286
2026-03-17,125.9,185.4,3.78,0,Road,2.72,1,3,3.53,1.97,2.718571428571429
2026-03-18,131.5,271.9,4.34,1,Road,2.91,2,3,2.72,2.2,2.825714285714286
2026-03-19,128.1,283.3,2.83,2,Air,2.51,3,3,2.91,2.14,2.927142857142857
2026-03-20,129.8,151.7,3.28,0,Road,2.19,4,3,2.51,2.64,2.9800000000000004
2026-03-21,112.7,206.6,1.59,1,Air,1.4,5,3,2.19,3.91,2.915714285714286
2026-03-22,105.1,219.6,3.41,0,Road,2.64,6,3,1.4,2.64,2.5571428571428574
2026-03-23,131.0,568.0,2.35,0,Road,3.04,0,3,2.64,3.53,2.557142857142857
2026-03-24,125.3,499.2,3.36,1,Road,3.49,1,3,3.04,2.72,2.487142857142857
2026-03-25,138.3,266.8,1.95,0,Road,2.27,2,3,3.49,2.91,2.597142857142857
2026-03-26,128.7,271.8,3.63,0,Air,2.47,3,3,2.27,2.51,2.505714285714286
2026-03-27,118.6,189.3,4.02,0,Road,2.34,4,3,2.47,2.19,2.5
2026-03-28,118.7,109.6,2.57,0,Air,1.17,5,3,2.34,1.4,2.5214285714285714
2026-03-29,132.9,297.7,2.29,1,Road,3.17,6,3,1.17,2.64,2.488571428571429
2026-03-30,139.5,205.2,1.48,0,Air,1.55,0,3,3.17,3.04,2.564285714285714
2026-03-31,128.9,301.1,2.99,0,Air,1.69,1,3,1.55,3.49,2.3514285714285714
2026-04-01,131.0,142.0,2.73,0,Road,1.88,2,4,1.69,2.27,2.094285714285714
2026-04-02,134.6,230.0,1.96,0,Road,2.0,3,4,1.88,2.47,2.0385714285714287
2026-04-03,113.2,325.6,3.56,1,Rail,3.67,4,4,2.0,2.34,1.9714285714285715
2026-04-04,118.9,348.5,2.84,1,Road,2.42,5,4,3.67,1.17,2.1614285714285715
2026-04-05,117.4,353.8,2.34,0,Air,1.26,6,4,2.42,3.17,2.3400000000000003
2026-04-06,125.6,171.3,2.76,0,Road,1.65,0,4,1.26,1.55,2.067142857142857
2026-04-07,121.9,399.7,4.06,0,Road,2.51,1,4,1.65,1.69,2.0814285714285714
2026-04-08,117.2,226.0,3.68,0,Road,2.08,2,4,2.51,1.88,2.198571428571429
2026-04-09,109.6,376.5,3.1,0,Rail,3.34,3,4,2.08,2.0,2.2271428571428573
2026-04-10,111.1,308.9,3.7,0,Air,1.92,4,4,3.34,3.67,2.4185714285714286
2026-04-11,112.6,165.5,2.27,0,Road,1.9,5,4,1.92,2.42,2.1685714285714286
2026-04-12,115.3,276.8,3.23,0,Rail,2.46,6,4,1.9,1.26,2.0942857142857143
2026-04-13,138.6,348.4,3.32,0,Air,1.84,0,4,2.46,1.65,2.2657142857142856
2026-04-14,137.4,374.4,2.82,0,Road,2.71,1,4,1.84,2.51,2.292857142857143
2026-04-15,122.2,295.2,3.55,1,Road,3.12,2,4,2.71,2.08,2.3214285714285716
2026-04-16,128.9,470.8,2.58,0,Rail,3.0,3,4,3.12,3.34,2.4699999999999998
2026-04-17,116.8,415.8,3.61,0,Rail,3.39,4,4,3.0,1.92,2.4214285714285713
2026-04-18,113.9,283.1,3.64,1,Road,3.67,5,4,3.39,1.9,2.6314285714285717
2026-04-19,119.0,388.8,1.0,1,Rail,3.14,6,4,3.67,2.46,2.8842857142857143
2026-04-20,127.9,513.0,4.15,0,Road,2.92,0,4,3.14,1.84,2.9814285714285718
2026-04-21,125.7,515.9,1.0,0,Air,1.87,1,4,2.92,2.71,3.135714285714286
2026-04-22,138.2,181.1,2.71,0,Air,1.45,2,4,1.87,3.12,3.0157142857142856
2026-04-23,116.8,212.7,4.02,0,Rail,2.84,3,4,1.45,3.0,2.7771428571428567
2026-04-24,119.8,465.9,2.95,0,Road,2.76,4,4,2.84,3.39,2.7542857142857144
2026-04-25,136.7,198.9,2.03,0,Road,1.36,5,4,2.76,3.67,2.664285714285714
2026-04-26,119.0,171.1,2.33,0,Road,1.52,6,4,1.36,3.14,2.334285714285714
2026-04-27,134.1,258.9,4.02,0,Road,2.41,0,4,1.52,2.92,2.1028571428571428
2026-04-28,128.8,354.1,1.66,2,Rail,3.59,1,4,2.41,1.87,2.0300000000000002
2026-04-29,134.0,299.2,4.1,0,Road,2.39,2,4,3.59,1.45,2.275714285714286
2026-04-30,125.1,241.7,3.16,1,Road,2.62,3,4,2.39,2.84,2.41
2026-05-01,118.0,239.2,2.25,2,Road,2.94,4,5,2.62,2.76,2.3785714285714286
2026-05-02,109.3,235.2,2.73,1,Road,2.88,5,5,2.94,1.36,2.404285714285714
2026-05-03,120.3,217.7,2.39,0,Road,1.96,6,5,2.88,1.52,2.6214285714285714
2026-05-04,115.4,549.6,3.89,1,Rail,4.34,0,5,1.96,2.41,2.684285714285714
2026-05-05,133.0,341.2,3.79,0,Rail,2.99,1,5,4.34,3.59,2.96
2026-05-06,137.6,403.1,1.82,0,Road,2.56,2,5,2.99,2.39,2.8742857142857146
2026-05-07,128.0,258.6,2.88,1,Air,2.25,3,5,2.56,2.62,2.8985714285714286
2026-05-08,116.6,290.5,2.51,0,Air,1.97,4,5,2.25,2.94,2.8457142857142856
2026-05-09,118.6,235.1,4.23,0,Road,2.7,5,5,1.97,2.88,2.707142857142857
2026-05-10,113.8,50.0,2.12,0,Rail,2.25,6,5,2.7,1.96,2.6814285714285715
2026-05-11,129.1,165.3,4.48,1,Road,2.74,0,5,2.25,4.34,2.7228571428571433
2026-05-12,112.4,119.9,3.17,0,Road,2.0,1,5,2.74,2.99,2.494285714285714
2026-05-13,125.6,73.8,2.27,0,Road,1.97,2,5,2.0,2.56,2.3528571428571428
2026-05-14,108.4,184.5,2.66,1,Road,2.19,3,5,1.97,2.25,2.2685714285714287
2026-05-15,106.2,449.1,2.56,0,Air,1.87,4,5,2.19,1.97,2.2600000000000002
2026-05-16,125.2,305.3,2.18,0,Air,1.7,5,5,1.87,2.7,2.245714285714286
2026-05-17,122.7,445.5,3.28,0,Rail,3.49,6,5,1.7,2.25,2.1028571428571428
2026-05-18,115.1,353.2,2.22,2,Road,2.93,0,5,3.49,2.74,2.2800000000000002
2026-05-19,114.2,392.2,1.46,0,Road,2.23,1,5,2.93,2.0,2.3071428571428574
2026-05-20,103.8,215.4,2.9,0,Air,1.52,2,5,2.23,1.97,2.3400000000000003
2026-05-21,119.2,365.0,1.76,0,Road,1.47,3,5,1.52,2.19,2.275714285714286
2026-05-22,136.8,386.5,2.6,1,Road,2.86,4,5,1.47,1.87,2.172857142857143
2026-05-23,117.0,249.5,2.47,0,Road,2.05,5,5,2.86,1.7,2.314285714285714
2026-05-24,110.2,368.8,2.5,0,Road,2.36,6,5,2.05,3.49,2.3642857142857143
2026-05-25,123.8,369.4,4.8,2,Road,4.32,0,5,2.36,2.93,2.202857142857143
2026-05-26,112.9,252.3,3.25,0,Road,1.85,1,5,4.32,2.23,2.4014285714285717
2026-05-27,124.2,192.1,3.4,0,Road,1.86,2,5,1.85,1.52,2.347142857142857
2026-05-28,123.5,185.7,1.78,0,Road,0.87,3,5,1.86,1.47,2.3957142857142855
2026-05-29,115.8,319.1,2.68,1,Road,2.61,4,5,0.87,2.86,2.31
2026-05-30,118.9,344.3,3.37,0,Road,2.41,5,5,2.61,2.05,2.2742857142857145
2026-05-31,116.5,226.8,2.38,0,Road,1.84,6,5,2.41,2.36,2.325714285714286
2026-06-01,124.4,312.8,3.93,0,Air,2.42,0,6,1.84,4.32,2.2514285714285713
2026-06-02,118.9,369.9,2.24,0,Road,2.67,1,6,2.42,1.85,1.98
2026-06-03,132.8,374.9,2.97,1,Rail,3.57,2,6,2.67,1.86,2.097142857142857
2026-06-04,134.7,472.9,2.73,0,Rail,3.17,3,6,3.57,0.87,2.3414285714285716
2026-06-05,107.7,444.1,3.33,0,Road,3.16,4,6,3.17,2.61,2.6700000000000004
2026-06-06,104.4,204.9,2.69,1,Rail,3.02,5,6,3.16,2.41,2.7485714285714287
2026-06-07,123.4,486.8,2.98,0,Rail,3.1,6,6,3.02,1.84,2.835714285714286
2026-06-08,116.5,254.2,3.01,0,Road,1.63,0,6,3.1,2.42,3.0157142857142856
2026-06-09,134.6,419.7,2.61,0,Road,2.42,1,6,1.63,2.67,2.902857142857143
2026-06-10,121.0,317.1,3.59,0,Road,2.79,2,6,2.42,3.57,2.867142857142857
2026-06-11,132.3,266.7,3.39,0,Air,2.59,3,6,2.79,3.17,2.755714285714286
2026-06-12,115.4,120.2,3.13,0,Rail,2.48,4,6,2.59,3.16,2.6728571428571426
2026-06-13,112.5,292.0,2.86,0,Air,1.48,5,6,2.48,3.02,2.575714285714286
2026-06-14,124.1,146.3,3.84,0,Air,1.16,6,6,1.48,3.1,2.355714285714286
2026-06-15,114.0,411.6,3.01,0,Road,2.84,0,6,1.16,1.63,2.0785714285714283
2026-06-16,114.7,469.3,2.95,0,Rail,2.72,1,6,2.84,2.42,2.2514285714285713
2026-06-17,119.8,226.3,3.28,0,Road,2.41,2,6,2.72,2.79,2.294285714285714
2026-06-18,123.1,341.7,4.56,1,Rail,4.09,3,6,2.41,2.59,2.2399999999999998
2026-06-19,100.7,233.8,2.13,0,Road,2.14,4,6,4.09,2.48,2.454285714285714
2026-06-20,114.4,244.0,3.82,1,Road,2.75,5,6,2.14,1.48,2.4057142857142857
2026-06-21,106.2,391.3,1.69,0,Rail,3.05,6,6,2.75,1.16,2.587142857142857
2026-06-22,125.0,306.0,3.37,1,Rail,3.51,0,6,3.05,2.84,2.857142857142857
2026-06-23,101.9,492.7,4.46,0,Road,2.91,1,6,3.51,2.72,2.9528571428571433
2026-06-24,116.0,259.4,3.59,0,Road,3.02,2,6,2.91,2.41,2.9800000000000004
2026-06-25,104.8,414.9,3.34,0,Road,2.6,3,6,3.02,4.09,3.0671428571428576
2026-06-26,105.4,320.2,2.75,0,Air,2.07,4,6,2.6,2.14,2.8542857142857145
2026-06-27,110.1,393.6,3.22,0,Road,1.8,5,6,2.07,2.75,2.8442857142857143
2026-06-28,107.8,263.0,3.0,0,Road,2.7,6,6,1.8,3.05,2.7085714285714286
2026-06-29,112.6,304.8,2.57,1,Road,3.23,0,6,2.7,3.51,2.6585714285714284
2026-06-30,118.6,297.9,2.97,0,Road,2.35,1,6,3.23,2.91,2.6185714285714288
2026-07-01,122.7,222.2,3.36,1,Road,2.87,2,7,2.35,3.02,2.5385714285714287
2026-07-02,109.0,379.5,2.59,1,Road,3.11,3,7,2.87,2.6,2.5171428571428573
2026-07-03,116.5,378.3,2.55,1,Rail,3.23,4,7,3.11,2.07,2.59
2026-07-04,112.2,372.3,2.11,0,Air,1.99,5,7,3.23,1.8,2.755714285714286
2026-07-05,111.2,471.4,3.51,0,Air,2.08,6,7,1.99,2.7,2.7828571428571425
2026-07-06,117.8,462.2,3.64,0,Road,2.7,0,7,2.08,3.23,2.6942857142857144
2026-07-07,121.1,270.6,3.39,0,Road,2.75,1,7,2.7,2.35,2.6185714285714288
2026-07-08,136.1,349.2,3.97,1,Rail,4.03,2,7,2.75,2.87,2.6757142857142857
2026-07-09,115.2,244.5,3.27,0,Rail,2.57,3,7,4.03,3.11,2.8414285714285716
2026-07-10,107.2,312.5,3.51,0,Road,2.24,4,7,2.57,3.23,2.7642857142857147
2026-07-11,99.7,247.0,3.44,0,Rail,2.63,5,7,2.24,1.99,2.6228571428571428
2026-07-12,98.6,480.1,3.13,2,Rail,4.56,6,7,2.63,2.08,2.714285714285715
2026-07-13,102.2,348.2,2.78,0,Rail,2.63,0,7,4.56,2.7,3.0685714285714285
2026-07-14,110.4,287.1,4.97,0,Rail,3.42,1,7,2.63,2.75,3.0585714285714287
2026-07-15,118.1,435.3,2.84,1,Road,3.38,2,7,3.42,4.03,3.1542857142857144
2026-07-16,117.4,82.1,2.67,2,Road,2.57,3,7,3.38,2.57,3.0614285714285714
2026-07-17,108.9,98.5,3.55,0,Road,2.29,4,7,2.57,2.24,3.0614285714285714
2026-07-18,98.4,393.6,3.4,1,Road,3.03,5,7,2.29,2.63,3.0685714285714285
2026-07-19,112.9,316.3,2.08,1,Air,2.01,6,7,3.03,4.56,3.1257142857142854
2026-07-20,117.0,336.3,4.1,0,Road,2.34,0,7,2.01,2.63,2.761428571428571
2026-07-21,115.1,170.7,3.12,0,Road,2.39,1,7,2.34,3.42,2.7199999999999998
2026-07-22,112.3,307.6,2.31,0,Rail,2.5,2,7,2.39,3.38,2.5728571428571425
2026-07-23,118.0,520.4,4.15,0,Rail,3.86,3,7,2.5,2.57,2.447142857142857
2026-07-24,108.9,396.5,3.7,0,Rail,3.28,4,7,3.86,2.29,2.6314285714285712
2026-07-25,91.8,327.8,2.19,0,Road,1.88,5,7,3.28,3.03,2.7728571428571427
2026-07-26,104.1,263.9,4.62,0,Air,1.85,6,7,1.88,2.01,2.608571428571428
2026-07-27,112.0,268.6,3.73,0,Road,2.91,0,7,1.85,2.34,2.585714285714286
2026-07-28,108.1,86.4,3.19,0,Road,1.9,1,7,2.91,2.39,2.6671428571428573
2026-07-29,118.0,337.1,4.47,0,Road,2.42,2,7,1.9,2.5,2.597142857142857
2026-07-30,100.9,398.8,3.33,0,Rail,3.34,3,7,2.42,3.86,2.585714285714286
2026-07-31,117.0,144.6,3.18,0,Rail,2.48,4,7,3.34,3.28,2.5114285714285716
2026-08-01,112.4,240.6,2.67,0,Road,3.33,5,8,2.48,1.88,2.3971428571428572
2026-08-02,101.6,188.5,3.67,0,Road,2.3,6,8,3.33,1.85,2.6042857142857145
2026-08-03,111.8,208.6,3.58,0,Rail,2.65,0,8,2.3,2.91,2.6685714285714286
2026-08-04,95.0,315.6,3.21,1,Rail,3.93,1,8,2.65,1.9,2.6314285714285712
2026-08-05,106.2,91.1,2.57,0,Road,1.06,2,8,3.93,2.42,2.9214285714285713
2026-08-06,109.2,374.5,3.3,1,Air,2.55,3,8,1.06,3.34,2.7271428571428573
2026-08-07,96.8,389.2,3.14,0,Rail,3.86,4,8,2.55,2.48,2.6142857142857143
2026-08-08,107.1,283.6,2.13,0,Air,1.53,5,8,3.86,3.33,2.8114285714285714
2026-08-09,118.6,50.0,2.02,2,Air,1.22,6,8,1.53,2.3,2.5542857142857147
2026-08-10,98.6,205.4,3.65,1,Air,2.01,0,8,1.22,2.65,2.4
2026-08-11,106.6,439.5,1.12,0,Rail,3.36,1,8,2.01,3.93,2.3085714285714287
2026-08-12,116.5,50.0,3.36,0,Road,1.9,2,8,3.36,1.06,2.2271428571428573
2026-08-13,123.5,273.5,2.82,0,Road,1.95,3,8,1.9,2.55,2.347142857142857
2026-08-14,94.7,186.1,4.25,0,Road,2.08,4,8,1.95,3.86,2.261428571428571
2026-08-15,102.6,394.5,2.81,1,Rail,3.36,5,8,2.08,1.53,2.007142857142857
2026-08-16,116.4,239.1,3.73,2,Road,3.38,6,8,3.36,1.22,2.2685714285714287
2026-08-17,94.0,352.4,2.88,0,Air,2.38,0,8,3.38,2.01,2.577142857142857
2026-08-18,102.3,369.4,3.29,0,Road,2.96,1,8,2.38,3.36,2.63
2026-08-19,110.4,502.8,3.79,0,Road,3.22,2,8,2.96,1.9,2.572857142857143
2026-08-20,105.7,288.7,2.83,0,Road,1.82,3,8,3.22,1.95,2.761428571428571
2026-08-21,110.2,349.5,4.0,0,Road,2.23,4,8,1.82,2.08,2.742857142857143
2026-08-22,101.8,154.1,2.41,0,Road,2.02,5,8,2.23,3.36,2.7642857142857147
2026-08-23,86.9,435.0,3.44,0,Road,2.33,6,8,2.02,3.38,2.5728571428571425
2026-08-24,110.6,230.1,3.94,0,Rail,2.84,0,8,2.33,2.38,2.422857142857143
2026-08-25,107.2,251.1,3.73,0,Road,2.49,1,8,2.84,2.96,2.4885714285714284
2026-08-26,123.3,307.7,4.73,0,Road,2.35,2,8,2.49,3.22,2.4214285714285713
2026-08-27,104.2,145.9,2.59,1,Road,1.95,3,8,2.35,1.82,2.2971428571428567
2026-08-28,98.0,334.0,2.1,0,Road,2.21,4,8,1.95,2.23,2.315714285714286
2026-08-29,103.6,411.6,2.4,0,Road,2.69,5,8,2.21,2.02,2.3128571428571427
2026-08-30,106.6,340.8,3.73,0,Rail,3.54,6,8,2.69,2.33,2.4085714285714284
2026-08-31,109.5,143.2,3.6,0,Rail,2.83,0,8,3.54,2.84,2.5814285714285714
2026-09-01,97.8,297.0,3.28,0,Road,2.43,1,9,2.83,2.49,2.5799999999999996
2026-09-02,116.9,387.9,2.3,0,Road,2.17,2,9,2.43,2.35,2.5714285714285716
2026-09-03,100.5,112.8,3.81,0,Road,1.66,3,9,2.17,1.95,2.545714285714286
2026-09-04,104.5,197.1,2.22,1,Road,2.18,4,9,1.66,2.21,2.5042857142857144
2026-09-05,87.4,402.0,4.13,0,Air,2.46,5,9,2.18,2.69,2.5
2026-09-06,103.6,338.4,5.49,0,Road,3.12,6,9,2.46,3.54,2.467142857142857
2026-09-07,99.0,353.3,3.49,0,Air,1.31,0,9,3.12,2.83,2.4071428571428575
2026-09-08,100.7,505.2,3.67,2,Road,3.66,1,9,1.31,2.43,2.19
2026-09-09,117.9,359.2,2.81,2,Road,3.78,2,9,3.66,2.17,2.3657142857142857
2026-09-10,110.3,379.1,1.75,0,Road,2.31,3,9,3.78,1.66,2.595714285714286
2026-09-11,97.4,594.6,2.72,0,Road,2.57,4,9,2.31,2.18,2.6885714285714286
2026-09-12,110.1,287.6,2.33,0,Air,2.44,5,9,2.57,2.46,2.744285714285714
2026-09-13,96.3,226.2,2.04,1,Road,2.38,6,9,2.44,3.12,2.741428571428571
2026-09-14,105.5,354.9,4.58,0,Air,2.43,0,9,2.38,1.31,2.635714285714286
2026-09-15,112.8,356.1,3.42,0,Air,2.18,1,9,2.43,3.66,2.795714285714286
2026-09-16,107.1,254.7,3.5,0,Road,2.21,2,9,2.18,3.78,2.584285714285714
2026-09-17,112.0,201.6,2.95,0,Road,1.83,3,9,2.21,2.31,2.36
2026-09-18,97.9,552.5,3.06,1,Road,4.22,4,9,1.83,2.57,2.2914285714285714
2026-09-19,95.0,344.3,3.97,0,Road,3.03,5,9,4.22,2.44,2.5271428571428567
2026-09-20,110.6,233.1,3.17,0,Rail,3.05,6,9,3.03,2.38,2.6114285714285717
2026-09-21,96.8,406.2,3.62,0,Road,2.97,0,9,3.05,2.43,2.707142857142857
2026-09-22,91.3,298.5,3.04,0,Air,1.45,1,9,2.97,2.18,2.7842857142857147
2026-09-23,124.9,283.4,2.93,0,Rail,3.29,2,9,1.45,2.21,2.68
2026-09-24,128.6,369.0,2.07,0,Road,2.03,3,9,3.29,1.83,2.834285714285714
2026-09-25,98.9,174.4,1.62,1,Rail,2.81,4,9,2.03,4.22,2.8628571428571425
2026-09-26,82.9,347.0,2.99,0,Road,1.9,5,9,2.81,3.03,2.6614285714285715
2026-09-27,97.3,510.9,3.25,0,Air,1.69,6,9,1.9,3.05,2.5
2026-09-28,103.0,358.9,2.17,0,Road,2.43,0,9,1.69,2.97,2.3057142857142856
2026-09-29,109.2,270.5,3.17,0,Air,1.48,1,9,2.43,1.45,2.2285714285714286
2026-09-30,103.2,256.8,3.24,0,Rail,2.14,2,9,1.48,3.29,2.2328571428571427
2026-10-01,113.0,266.9,1.48,0,Air,1.57,3,10,2.14,2.03,2.0685714285714285
2026-10-02,106.5,283.3,2.47,0,Road,2.93,4,10,1.57,2.81,2.0028571428571427
2026-10-03,86.6,270.3,3.53,1,Rail,3.87,5,10,2.93,1.9,2.02
2026-10-04,105.6,406.2,3.51,0,Road,2.65,6,10,3.87,1.69,2.301428571428571
2026-10-05,121.9,128.0,2.28,0,Rail,2.29,0,10,2.65,2.43,2.4385714285714286
2026-10-06,112.4,400.5,3.33,0,Road,3.0,1,10,2.29,1.48,2.4185714285714286
2026-10-07,109.7,270.1,4.02,1,Road,3.34,2,10,3.0,2.14,2.6357142857142857
2026-10-08,107.6,349.6,3.82,0,Road,2.54,3,10,3.34,1.57,2.807142857142857
2026-10-09,107.6,191.7,3.12,0,Road,2.1,4,10,2.54,2.93,2.9457142857142853
2026-10-10,85.1,449.5,2.83,1,Road,3.26,5,10,2.1,3.87,2.827142857142857
2026-10-11,101.7,440.8,2.7,0,Rail,3.4,6,10,3.26,2.65,2.7399999999999998
2026-10-12,102.8,410.8,3.57,0,Road,2.72,0,10,3.4,2.29,2.847142857142857
2026-10-13,126.3,151.0,3.36,0,Rail,2.54,1,10,2.72,3.0,2.9085714285714284
2026-10-14,111.5,397.1,3.7,0,Road,3.24,2,10,2.54,3.34,2.8428571428571425
2026-10-15,122.5,352.5,3.31,0,Rail,3.53,3,10,3.24,2.54,2.8285714285714283
2026-10-16,94.4,141.4,3.86,0,Rail,2.84,4,10,3.53,2.1,2.9699999999999998
2026-10-17,104.2,307.4,3.28,0,Road,3.03,5,10,2.84,3.26,3.075714285714285
2026-10-18,103.5,348.3,3.83,0,Rail,3.07,6,10,3.03,3.4,3.042857142857143
2026-10-19,99.6,368.4,3.9,0,Air,2.74,0,10,3.07,2.72,2.995714285714286
2026-10-20,113.5,328.6,2.56,0,Rail,3.07,1,10,2.74,2.54,2.998571428571428
2026-10-21,123.3,340.6,1.75,0,Road,3.33,2,10,3.07,3.24,3.0742857142857143
2026-10-22,107.3,464.7,4.43,0,Road,2.68,3,10,3.33,3.53,3.087142857142857
2026-10-23,90.4,438.7,3.41,1,Rail,3.56,4,10,2.68,2.84,2.9657142857142857
2026-10-24,100.1,50.0,1.83,0,Road,1.58,5,10,3.56,3.03,3.0685714285714285
2026-10-25,94.5,276.7,2.63,0,Rail,2.9,6,10,1.58,3.07,2.8614285714285717
2026-10-26,104.6,292.7,3.82,0,Road,3.19,0,10,2.9,2.74,2.837142857142857
2026-10-27,112.2,126.0,2.98,0,Rail,2.2,1,10,3.19,3.07,2.9014285714285717
2026-10-28,100.7,319.9,2.79,0,Road,2.67,2,10,2.2,3.33,2.777142857142857
2026-10-29,97.8,441.1,4.32,0,Road,3.42,3,10,2.67,2.68,2.6828571428571424
2026-10-30,108.6,195.9,2.36,0,Air,1.63,4,10,3.42,3.56,2.7885714285714287
2026-10-31,96.9,345.3,2.56,0,Air,1.49,5,10,1.63,1.58,2.512857142857143
2026-11-01,82.1,213.8,3.37,0,Air,2.15,6,11,1.49,2.9,2.4999999999999996
2026-11-02,114.5,239.4,3.51,0,Air,2.18,0,11,2.15,3.19,2.392857142857143
2026-11-03,116.0,465.1,3.6,0,Road,3.13,1,11,2.18,2.2,2.2485714285714287
2026-11-04,109.6,253.0,3.93,0,Road,2.5,2,11,3.13,2.67,2.3814285714285712
2026-11-05,101.2,358.5,3.36,0,Road,2.66,3,11,2.5,3.42,2.357142857142857
2026-11-06,112.5,113.5,3.59,0,Road,1.96,4,11,2.66,1.63,2.248571428571428
2026-11-07,105.0,505.5,2.99,0,Road,3.11,5,11,1.96,1.49,2.295714285714286
2026-11-08,122.7,373.3,3.25,0,Air,2.06,6,11,3.11,2.15,2.5271428571428567
2026-11-09,112.7,290.8,3.29,0,Road,2.09,0,11,2.06,2.18,2.5142857142857147
2026-11-10,118.0,370.4,3.37,0,Road,2.25,1,11,2.09,3.13,2.5014285714285713
2026-11-11,115.1,162.0,3.82,2,Road,2.8,2,11,2.25,2.5,2.3757142857142854
2026-11-12,119.4,434.2,3.64,0,Road,2.92,3,11,2.8,2.66,2.4185714285714286
2026-11-13,111.9,276.0,3.24,0,Road,2.33,4,11,2.92,1.96,2.455714285714286
2026-11-14,113.3,288.6,2.55,0,Rail,2.85,5,11,2.33,3.11,2.5085714285714285
2026-11-15,100.7,258.4,3.25,2,Road,3.37,6,11,2.85,2.06,2.4714285714285715
2026-11-16,107.0,249.0,3.18,0,Road,2.03,0,11,3.37,2.09,2.6585714285714284
2026-11-17,112.3,382.9,3.35,0,Air,2.61,1,11,2.03,2.25,2.65
2026-11-18,124.0,336.9,4.97,2,Road,3.69,2,11,2.61,2.8,2.7014285714285715
2026-11-19,126.1,378.4,2.78,0,Rail,2.91,3,11,3.69,2.92,2.8285714285714283
2026-11-20,104.6,309.1,3.54,2,Road,3.56,4,11,2.91,2.33,2.827142857142857
2026-11-21,101.2,363.9,4.05,0,Road,2.11,5,11,3.56,2.85,3.0028571428571427
2026-11-22,108.7,266.0,3.28,0,Road,2.04,6,11,2.11,3.37,2.8971428571428572
2026-11-23,109.9,544.1,5.07,0,Air,3.24,0,11,2.04,2.03,2.707142857142857
2026-11-24,125.1,145.4,2.9,0,Rail,1.86,1,11,3.24,2.61,2.88
2026-11-25,101.1,442.4,3.46,1,Road,3.67,2,11,1.86,3.69,2.7728571428571427
2026-11-26,108.9,453.6,2.56,0,Road,3.19,3,11,3.67,2.91,2.77
2026-11-27,103.4,220.5,2.92,2,Rail,3.44,4,11,3.19,3.56,2.8099999999999996
2026-11-28,87.5,544.1,3.4,0,Rail,3.73,5,11,3.44,2.11,2.792857142857143
2026-11-29,99.9,414.5,3.88,0,Road,3.24,6,11,3.73,2.04,3.0242857142857145
2026-11-30,106.0,412.0,3.46,2,Air,2.93,0,11,3.24,3.24,3.1957142857142853
2026-12-01,117.4,312.9,4.21,0,Rail,3.5,1,12,2.93,1.86,3.1514285714285717
2026-12-02,129.4,287.2,3.12,1,Rail,3.11,2,12,3.5,3.67,3.385714285714286
2026-12-03,115.0,288.0,2.93,0,Road,2.14,3,12,3.11,3.19,3.3057142857142856
2026-12-04,102.9,351.0,5.36,0,Road,2.72,4,12,2.14,3.44,3.155714285714286
2026-12-05,107.1,457.1,3.52,0,Air,2.45,5,12,2.72,3.73,3.052857142857143
2026-12-06,117.5,329.0,2.62,0,Road,2.75,6,12,2.45,3.24,2.87
2026-12-07,107.0,214.3,2.64,0,Road,1.98,0,12,2.75,2.93,2.8000000000000003
2026-12-08,113.2,396.6,2.45,0,Road,2.04,1,12,1.98,3.5,2.6642857142857146
2026-12-09,126.6,406.7,3.95,0,Road,2.46,2,12,2.04,3.11,2.455714285714286
2026-12-10,116.8,378.7,2.91,0,Rail,3.22,3,12,2.46,2.14,2.3628571428571425
2026-12-11,117.9,388.3,3.3,1,Road,3.74,4,12,3.22,2.72,2.5171428571428573
2026-12-12,109.0,281.6,3.15,0,Rail,3.02,5,12,3.74,2.45,2.662857142857143
2026-12-13,116.3,212.5,3.79,0,Road,2.16,6,12,3.02,2.75,2.744285714285714
2026-12-14,108.1,218.8,2.52,2,Road,3.2,0,12,2.16,1.98,2.66
2026-12-15,122.0,138.3,2.34,0,Road,1.69,1,12,3.2,2.04,2.834285714285714
2026-12-16,122.0,334.9,3.38,0,Rail,2.94,2,12,1.69,2.46,2.7842857142857147
2026-12-17,110.4,301.2,3.68,0,Road,2.17,3,12,2.94,3.22,2.8528571428571428
2026-12-18,101.8,263.8,3.47,0,Road,2.85,4,12,2.17,3.74,2.7028571428571433
2026-12-19,116.2,50.0,2.55,0,Rail,1.25,5,12,2.85,3.02,2.575714285714286
2026-12-20,109.5,179.0,3.74,0,Road,2.47,6,12,1.25,2.16,2.322857142857143
2026-12-21,109.9,427.7,2.6,0,Road,2.44,0,12,2.47,3.2,2.367142857142857
